["7", "1"]	0.0
["14", "1"]	0.0
["25", "1"]	0.0
["32", "1"]	0.0
["41", "1"]	0.0
["24", "1"]	0.0
["1", "15"]	0.0
["38", "1"]	0.0
["24", "21"]	0.0
["34", "1"]	0.0
["33", "1"]	0.0
["49", "1"]	0.0
["1", "11"]	1.5117447984662745e-07
["1", "37"]	1.529439501143348e-07
["1", "30"]	1.8667610277892573e-06
["1", "36"]	7.033557332292779e-06
["1", "21"]	1.0154428791558205e-05
["1", "29"]	1.7532541447007852e-05
["1", "23"]	1.793363385835495e-05
["1", "0"]	1.8500890013269022e-05
["1", "14"]	1.934528365721584e-05
["0", "1"]	2.2582609544770535e-05
["1", "44"]	2.297854807768868e-05
["1", "9"]	2.5080358984939096e-05
["1", "46"]	2.9483569493292512e-05
["1", "28"]	3.023974662246077e-05
["1", "5"]	3.0404448049918644e-05
["1", "2"]	3.266813660522562e-05
["1", "48"]	4.562947055486435e-05
["1", "43"]	4.6477302425967416e-05
["5", "1"]	4.909397563366621e-05
["22", "1"]	5.1084554740518184e-05
["1", "12"]	6.127003337893524e-05
["1", "19"]	6.156251427430366e-05
["1", "13"]	6.815087175449153e-05
["1", "32"]	7.867502362018102e-05
["1", "35"]	8.571037287714949e-05
["3", "1"]	0.00016330708489988138
["1", "27"]	0.004102505635131064
["31", "23"]	0.02457277649593297
["9", "3"]	0.026569817131709982
["3", "49"]	0.02699508438330112
["47", "42"]	0.029167525558884157
["23", "5"]	0.02974556350681004
["18", "8"]	0.029930925700850312
["0", "7"]	0.030365284668824398
["43", "3"]	0.03058071587049894
["44", "30"]	0.03111390303111036
["39", "7"]	0.03147357397606445
["43", "32"]	0.03155983868607246
["32", "8"]	0.03188051188010289
["19", "10"]	0.03237548431518172
["14", "26"]	0.033102269252718454
["47", "7"]	0.03338887526443045
["19", "32"]	0.03350507134960144
["25", "32"]	0.03476851412835105
["24", "8"]	0.035793769872482464
["29", "32"]	0.03669116577415038
["40", "28"]	0.03729731578366638
["0", "32"]	0.037622608284262324
["3", "12"]	0.03767406487986553
["21", "17"]	0.03794057514940522
["34", "7"]	0.03797222621813082
["29", "4"]	0.038378230608205555
["9", "17"]	0.0395872657852131
["5", "26"]	0.03962157065939215
["29", "7"]	0.039700685571895565
["25", "17"]	0.04080565641573286
["3", "28"]	0.04087366423508623
["42", "10"]	0.040926538649346034
["47", "17"]	0.041123560872680306
["7", "7"]	0.041390974603681255
["3", "20"]	0.041469864591661305
["2", "10"]	0.041801674553997616
["22", "10"]	0.042097276402052373
["24", "10"]	0.042233008774369675
["14", "10"]	0.042330041606547325
["49", "42"]	0.04262152497912668
["20", "10"]	0.04287710835272397
["5", "3"]	0.04300945449167832
["5", "10"]	0.04352477737018257
["25", "4"]	0.04352568960274548
["36", "8"]	0.04353158741654604
["49", "31"]	0.04361704356871695
["35", "10"]	0.04364359827486745
["3", "40"]	0.04384816558265398
["48", "7"]	0.0438950964577874
["0", "3"]	0.04393598566184144
["49", "48"]	0.04402113277965724
["17", "24"]	0.04421707442789468
["49", "11"]	0.04426515981667261
["22", "32"]	0.044645422998016465
["43", "10"]	0.044685060527309514
["7", "17"]	0.044732914497319795
["20", "26"]	0.04474825075364528
["4", "48"]	0.04493402471584859
["3", "38"]	0.04508628783499603
["8", "10"]	0.045409237542735875
["3", "35"]	0.04544637290991047
["16", "26"]	0.04560864827173835
["47", "10"]	0.04578350792552772
["3", "47"]	0.04586380174066257
["19", "7"]	0.04595733851268804
["46", "4"]	0.04606024828014462
["48", "32"]	0.04616850709297893
["22", "26"]	0.04627241021595601
["24", "7"]	0.046450831253761746
["6", "26"]	0.04646993547211912
["34", "26"]	0.046508509441494206
["49", "36"]	0.04653957630076564
["4", "36"]	0.04660105428346278
["11", "32"]	0.04669594663465534
["4", "40"]	0.04708428104390025
["3", "0"]	0.047209076941693226
["49", "41"]	0.047304430268428274
["7", "3"]	0.04732270788912719
["18", "26"]	0.047394561996056364
["22", "3"]	0.04765675444427025
["3", "15"]	0.047763028004583236
["10", "16"]	0.04796788512375758
["3", "24"]	0.048178888781702026
["12", "2"]	0.04842012856370388
["39", "3"]	0.04850354625735468
["2", "4"]	0.048756352710200186
["34", "17"]	0.04900301227804958
["47", "8"]	0.04905034710600088
["6", "42"]	0.049282329737206504
["40", "21"]	0.049298729136039325
["2", "26"]	0.04930358861190597
["36", "7"]	0.049612236678823377
["3", "6"]	0.04967379672918614
["38", "26"]	0.04974064268647004
["38", "10"]	0.04982215866126518
["18", "10"]	0.050085325308034244
["8", "26"]	0.05014117764820469
["42", "7"]	0.05021412910958846
["44", "35"]	0.05052730074094001
["2", "32"]	0.050528894463717625
["22", "8"]	0.050537345329742404
["3", "34"]	0.05073913910695922
["10", "37"]	0.05088822143111345
["3", "27"]	0.050912652557449395
["12", "10"]	0.05095853038054394
["3", "19"]	0.050983650567300635
["4", "11"]	0.051325343394367104
["18", "3"]	0.05133576138179774
["30", "4"]	0.051486471279809966
["33", "10"]	0.051882362702128725
["3", "22"]	0.05194991392699792
["4", "47"]	0.052405472931087105
["6", "11"]	0.0524421021223169
["30", "17"]	0.05262247106802351
["40", "9"]	0.05263115274370783
["0", "26"]	0.05332563531016727
["4", "13"]	0.05334089721328112
["31", "11"]	0.0533430238608897
["48", "17"]	0.05364897405056609
["36", "43"]	0.053698584666348706
["43", "7"]	0.05383417749071577
["0", "48"]	0.053840552767071045
["43", "26"]	0.05385112577146519
["35", "43"]	0.05394809969853753
["4", "12"]	0.054024762696305816
["25", "10"]	0.05441692051137081
["0", "10"]	0.054661700633900696
["49", "12"]	0.0548274036911709
["7", "10"]	0.05501010848931281
["29", "45"]	0.0552999825909751
["49", "33"]	0.055364929486269095
["8", "42"]	0.05537448228478784
["3", "2"]	0.055472559768677744
["35", "16"]	0.0554758736927034
["32", "26"]	0.05563338598715229
["41", "13"]	0.0556545503319054
["23", "3"]	0.05586178782600139
["16", "36"]	0.05593488755372948
["41", "17"]	0.05621043100252125
["49", "24"]	0.05635052307751409
["5", "37"]	0.05643250406307721
["4", "15"]	0.05646697017056308
["49", "22"]	0.056819376005013654
["42", "26"]	0.05682461793754291
["22", "17"]	0.05683293217889321
["49", "35"]	0.056839260813799544
["3", "13"]	0.05690442256635717
["29", "17"]	0.05692574993439921
["48", "10"]	0.05700053240700934
["3", "41"]	0.05711294045578233
["4", "23"]	0.05716589672483171
["35", "41"]	0.05718377056823958
["49", "2"]	0.05757008142989152
["48", "21"]	0.05781282808166301
["49", "40"]	0.0578155367453787
["3", "23"]	0.05785058352268837
["7", "8"]	0.05788304300048231
["3", "25"]	0.05814727141329614
["49", "23"]	0.05824915707582508
["49", "28"]	0.058296204966989604
["48", "8"]	0.05834144875095421
["25", "48"]	0.05836919922166464
["9", "26"]	0.05846403924010412
["4", "28"]	0.05874148845875495
["4", "0"]	0.058901635338036794
["7", "48"]	0.05892291803925881
["26", "26"]	0.05902154318737776
["49", "14"]	0.05908559364781804
["40", "32"]	0.05916292355153791
["24", "47"]	0.05937956739755849
["45", "3"]	0.05956379237524499
["39", "21"]	0.05967480529186922
["3", "39"]	0.0596789786108304
["3", "29"]	0.05980874881412907
["49", "44"]	0.06043647751958184
["39", "10"]	0.06047792597806365
["47", "26"]	0.060833198760256134
["24", "26"]	0.0608851592351191
["41", "26"]	0.06114125048530161
["34", "10"]	0.061162278992797796
["29", "26"]	0.06125078045576182
["4", "6"]	0.061314396192458
["34", "32"]	0.061493666377361665
["4", "2"]	0.06183771825958148
["35", "48"]	0.06184956994302419
["35", "21"]	0.06185205784779258
["29", "10"]	0.061892516513495595
["11", "10"]	0.061971711143538645
["49", "0"]	0.062132412573090934
["25", "26"]	0.06240676736275877
["38", "33"]	0.06245222407470765
["49", "21"]	0.0626210570524344
["4", "21"]	0.06262767758171044
["26", "3"]	0.06311032830982588
["23", "46"]	0.06319575125112332
["0", "17"]	0.06346830062769097
["49", "37"]	0.06373445057376598
["7", "26"]	0.06397987166206866
["45", "10"]	0.06418743431868029
["5", "4"]	0.06440973853894905
["3", "44"]	0.06459797129425639
["48", "45"]	0.06476281499805688
["47", "25"]	0.06478058776664915
["45", "17"]	0.06480680633921503
["19", "26"]	0.06495793955434188
["14", "15"]	0.06497327121778262
["26", "12"]	0.06503279837825736
["3", "36"]	0.06507562317227009
["11", "26"]	0.06519383291642818
["11", "17"]	0.06558043660730033
["7", "16"]	0.06575278608267142
["4", "35"]	0.06580787030217002
["43", "49"]	0.06583117589933397
["10", "42"]	0.06593757115732676
["49", "38"]	0.06599305497404809
["3", "11"]	0.06609998630209482
["2", "33"]	0.06611596480507526
["44", "33"]	0.0664235941762171
["23", "9"]	0.06683017293164924
["8", "16"]	0.06757181157239169
["45", "16"]	0.06781563153503263
["41", "21"]	0.06784744705621139
["6", "2"]	0.06792429045380895
["30", "3"]	0.06795041062678372
["26", "45"]	0.06801774832937171
["36", "3"]	0.06822965269023021
["4", "41"]	0.06824078126014652
["36", "16"]	0.06825355736073929
["10", "10"]	0.06850898586635493
["4", "5"]	0.06861226550342664
["49", "39"]	0.06864633054497123
["3", "5"]	0.06868995785146417
["48", "43"]	0.06887184720669698
["39", "17"]	0.06952577892667126
["49", "46"]	0.06956252386350888
["23", "17"]	0.06959272177864631
["7", "37"]	0.06964210103063223
["3", "48"]	0.06997626143636775
["38", "12"]	0.0699929146508789
["45", "48"]	0.0701293314228434
["44", "2"]	0.07027628502416866
["21", "25"]	0.07066470517550902
["26", "37"]	0.07073707863377741
["4", "46"]	0.07098598149363633
["38", "8"]	0.07113527400909467
["30", "33"]	0.07122974352474339
["31", "17"]	0.07151429074901093
["9", "25"]	0.07167922125813975
["11", "48"]	0.07168967420218393
["45", "21"]	0.0718998309056237
["44", "9"]	0.07190640493291524
["49", "19"]	0.07201385655371537
["38", "17"]	0.07258393559364347
["20", "25"]	0.07260902633412576
["19", "17"]	0.07289453059235258
["10", "48"]	0.0729572952493957
["3", "17"]	0.07300268684012333
["26", "17"]	0.07305159101347833
["41", "6"]	0.07312794498533555
["47", "48"]	0.07340499342434637
["36", "17"]	0.07347904391799387
["49", "32"]	0.07362511681773387
["30", "2"]	0.07365721502482621
["23", "22"]	0.0738331838910441
["4", "39"]	0.07386276093263515
["9", "48"]	0.0741269306187917
["49", "13"]	0.07414126320752382
["24", "11"]	0.0741452581758297
["24", "48"]	0.07424176556860948
["35", "31"]	0.07452600039313965
["49", "47"]	0.07454369984017836
["39", "26"]	0.07459080654481406
["3", "45"]	0.07478843108442006
["49", "5"]	0.07489862505964796
["0", "43"]	0.07513974905884388
["33", "41"]	0.0751680239121971
["43", "25"]	0.07580310509902356
["10", "26"]	0.07607535100210708
["42", "48"]	0.07608005948734778
["49", "6"]	0.07608347013320375
["41", "43"]	0.0761725114753429
["30", "28"]	0.07641964607100654
["22", "37"]	0.07660481783209656
["16", "15"]	0.07661696613448092
["47", "41"]	0.07681830166604435
["48", "26"]	0.07683244787244446
["25", "25"]	0.07701606517661334
["4", "34"]	0.07714983967512566
["40", "48"]	0.0772040828412583
["42", "37"]	0.07725290924270753
["4", "33"]	0.07747139302472346
["24", "43"]	0.07750778562307828
["6", "46"]	0.07764846377962165
["3", "37"]	0.07806909710312283
["3", "14"]	0.07822178098045857
["29", "21"]	0.07849400824908294
["41", "10"]	0.07855512840972606
["48", "41"]	0.07889490534819003
["4", "9"]	0.07892428763481195
["3", "9"]	0.07900650982370898
["35", "26"]	0.07933364282776324
["11", "41"]	0.07943029003746241
["7", "21"]	0.07945876838439112
["27", "15"]	0.07950502407698622
["3", "3"]	0.07968124596556612
["20", "13"]	0.07988414479926285
["3", "16"]	0.08000917298398007
["36", "46"]	0.08003958596817615
["47", "13"]	0.08016640574791485
["2", "48"]	0.08023909372564976
["30", "38"]	0.08036268941004852
["39", "48"]	0.08047496147548974
["3", "26"]	0.08078907877170449
["14", "44"]	0.08095421966442408
["4", "19"]	0.08115860640267834
["11", "21"]	0.08178366168891886
["34", "21"]	0.08179925157850403
["49", "15"]	0.08188390898435323
["49", "9"]	0.08195417892388115
["45", "26"]	0.08206166698819825
["3", "33"]	0.08213403225833169
["6", "47"]	0.08226191919525677
["22", "48"]	0.08261272593465979
["39", "32"]	0.08307872287655979
["47", "21"]	0.08386882187117706
["27", "35"]	0.0840756002322361
["37", "34"]	0.08412112143655764
["10", "21"]	0.08445270007066655
["4", "42"]	0.084881354599789
["14", "19"]	0.08499210459269578
["10", "41"]	0.085203069480922
["30", "25"]	0.08537542368718874
["9", "13"]	0.08553853323299605
["49", "29"]	0.08561968311597268
["40", "39"]	0.08565879942199257
["35", "0"]	0.08585659414885238
["7", "41"]	0.08591722985654629
["4", "14"]	0.08663688601328076
["41", "47"]	0.08666110538345982
["23", "21"]	0.0867914666580208
["32", "37"]	0.0872031125637955
["13", "38"]	0.08735047707949918
["14", "37"]	0.08750769695591533
["32", "12"]	0.08780498580538595
["24", "46"]	0.08807365895192011
["49", "20"]	0.08829558412043002
["29", "48"]	0.08830298235375093
["22", "16"]	0.08832710582910862
["2", "17"]	0.08833269826149345
["6", "13"]	0.08837060617660508
["5", "48"]	0.08848599768875859
["10", "47"]	0.08865968097518219
["33", "17"]	0.08872636461116179
["18", "17"]	0.08904297509112317
["10", "43"]	0.08906183996171985
["30", "12"]	0.08935261938044063
["20", "11"]	0.0894603436903156
["8", "17"]	0.08955088909842553
["14", "23"]	0.08964630764962862
["9", "21"]	0.08985274357857063
["42", "41"]	0.0900037803816753
["12", "5"]	0.09071487406180362
["14", "29"]	0.09088997172992892
["12", "17"]	0.09143450902038994
["3", "43"]	0.0916530553316741
["49", "3"]	0.09182157187318432
["24", "6"]	0.09190803620526944
["36", "0"]	0.09197112385822996
["19", "48"]	0.09200447507599009
["18", "41"]	0.0920201377036123
["4", "29"]	0.0920556626746741
["4", "49"]	0.09209289363640072
["7", "43"]	0.09214273202411634
["4", "43"]	0.09239057156721185
["25", "41"]	0.0926817715789798
["35", "37"]	0.0927397636111121
["42", "3"]	0.093362662121654
["0", "25"]	0.09339806054899771
["27", "19"]	0.09360250125076607
["5", "16"]	0.09381095436414491
["17", "49"]	0.09381956516555076
["10", "25"]	0.09410225703933774
["47", "47"]	0.09413659651460443
["23", "35"]	0.09424839712890815
["7", "47"]	0.0945315481797895
["12", "22"]	0.0946330183223832
["35", "47"]	0.09464453519277824
["0", "47"]	0.09465775842103383
["44", "26"]	0.09488485319476207
["8", "35"]	0.09522755659862564
["34", "48"]	0.09549558565624776
["45", "25"]	0.09556830525218067
["34", "43"]	0.09562101348419823
["31", "42"]	0.09582994723998534
["16", "22"]	0.09609107247126353
["26", "29"]	0.096270211280166
["19", "25"]	0.09636326199101707
["3", "32"]	0.09657341123940488
["20", "46"]	0.0967533343364523
["14", "12"]	0.09685980804582271
["21", "6"]	0.09705054318271963
["33", "48"]	0.09750020497518319
["5", "41"]	0.09769269550351749
["36", "11"]	0.09789307303112522
["32", "48"]	0.09812102044116323
["47", "43"]	0.09855479418058137
["29", "16"]	0.09878005353310298
["42", "14"]	0.0988751120117984
["29", "47"]	0.09905321385132082
["22", "21"]	0.09948418704456963
["16", "44"]	0.09949680090056005
["8", "8"]	0.09951615585720004
["10", "17"]	0.09965625413546192
["39", "8"]	0.10004734747673584
["38", "22"]	0.10083361920275516
["38", "36"]	0.10119626686593401
["32", "33"]	0.10125215023714759
["38", "23"]	0.10140269041599201
["18", "47"]	0.10140326420157819
["3", "10"]	0.10158798564663034
["0", "16"]	0.10159142530403863
["32", "49"]	0.10203387504939568
["20", "6"]	0.10208015654339703
["2", "12"]	0.10208355145900788
["16", "23"]	0.10212045196419632
["4", "17"]	0.10235833927243018
["18", "31"]	0.10244146557017131
["34", "41"]	0.10255022482367322
["27", "44"]	0.10286624275209066
["25", "46"]	0.1031273198057578
["38", "44"]	0.10314289533688793
["5", "12"]	0.10328195172211124
["43", "16"]	0.10339822584284192
["49", "26"]	0.10340890770773178
["32", "44"]	0.10367985127918024
["41", "46"]	0.10375791813915505
["41", "24"]	0.10408914029909122
["42", "29"]	0.10435864619482992
["26", "36"]	0.10473273849379801
["32", "14"]	0.10500610022625145
["38", "2"]	0.10505405653228149
["22", "12"]	0.10508205933061265
["5", "14"]	0.10565292921820822
["26", "41"]	0.10597113415696965
["18", "14"]	0.10599168204216523
["13", "33"]	0.10611646083102974
["30", "36"]	0.10614869286013806
["0", "0"]	0.10615673858540534
["18", "11"]	0.10633717529146822
["49", "25"]	0.10641872208856751
["40", "3"]	0.10722353936791226
["12", "9"]	0.10729647966434007
["48", "47"]	0.10752533362023355
["9", "43"]	0.10771264520413723
["12", "38"]	0.10824020149011437
["36", "44"]	0.10831529495862435
["38", "35"]	0.10844037273832798
["38", "15"]	0.10855867117496008
["6", "5"]	0.10866764867452368
["35", "46"]	0.10899387458366615
["3", "21"]	0.10907410004276152
["48", "16"]	0.1091482936144461
["32", "15"]	0.10921557342208464
["41", "11"]	0.10923805550551392
["33", "21"]	0.10941691707257906
["20", "34"]	0.10972998232789354
["9", "12"]	0.10987902882633468
["3", "8"]	0.10989374464742377
["25", "47"]	0.10996376340187991
["34", "31"]	0.10998601414753814
["2", "15"]	0.11046639583297373
["11", "47"]	0.11056920231224612
["45", "12"]	0.11061335903137244
["45", "46"]	0.11090504193686045
["25", "11"]	0.11101300915352819
["0", "13"]	0.11104161817171021
["8", "29"]	0.11117500370638396
["30", "14"]	0.11168583190847782
["24", "5"]	0.11246478146058454
["47", "11"]	0.11253157760313198
["48", "46"]	0.11272274502814454
["34", "47"]	0.11292570036691693
["39", "41"]	0.11304302826173876
["0", "41"]	0.11318180500482243
["48", "48"]	0.11318340410658662
["16", "5"]	0.11329253397917957
["29", "41"]	0.11355660835704987
["32", "21"]	0.11364917842652698
["13", "28"]	0.11368901390548447
["47", "46"]	0.1139016628137759
["9", "46"]	0.11399608857796548
["4", "26"]	0.11464408571301937
["48", "25"]	0.11586061231885723
["35", "11"]	0.11617341869347014
["33", "20"]	0.11623981928142622
["37", "20"]	0.11701525947230801
["20", "21"]	0.11712502942721939
["4", "25"]	0.11719808298563514
["45", "41"]	0.11746478763057433
["23", "39"]	0.11795917604772231
["10", "0"]	0.11804708372179401
["24", "39"]	0.11841225485024112
["26", "14"]	0.11858270965374547
["21", "20"]	0.11879544985213067
["25", "19"]	0.11899177744489721
["12", "46"]	0.11906234289298791
["34", "11"]	0.11918723925191967
["36", "5"]	0.11930676638686681
["4", "3"]	0.11939569273951732
["45", "47"]	0.11944585061891205
["38", "19"]	0.11958490731269812
["33", "14"]	0.11982654846930753
["32", "19"]	0.1198479077465758
["29", "11"]	0.12053818765485882
["49", "16"]	0.12075634995295419
["40", "42"]	0.12081897783026295
["35", "44"]	0.12096612989419837
["11", "31"]	0.12098916372897112
["0", "46"]	0.12103836486966538
["5", "43"]	0.121500442360325
["29", "31"]	0.12166026596480235
["9", "41"]	0.12175077854544625
["33", "47"]	0.12185705771606327
["16", "0"]	0.12232339932483899
["32", "41"]	0.1226377660120538
["25", "44"]	0.122982725541271
["20", "0"]	0.12299826708656514
["38", "16"]	0.12315187949715238
["22", "33"]	0.12358800142989702
["43", "11"]	0.12408651397046437
["9", "11"]	0.12419593244780713
["26", "15"]	0.12423186564473146
["32", "28"]	0.12429344614593425
["41", "5"]	0.12449375665102264
["49", "43"]	0.12468354058546872
["25", "23"]	0.1250316548064431
["5", "25"]	0.125233753980086
["41", "23"]	0.12549286262891696
["48", "11"]	0.12563252294929095
["43", "14"]	0.12563470161830795
["7", "11"]	0.12568547194525148
["14", "14"]	0.12589387036175057
["10", "31"]	0.12594476469324234
["22", "41"]	0.1260488358935218
["24", "23"]	0.12607344975493004
["45", "14"]	0.12612325716918224
["32", "29"]	0.12629448552489975
["36", "13"]	0.1266322600893629
["25", "39"]	0.127097451419339
["24", "13"]	0.1271527502897758
["25", "2"]	0.1272843368423184
["35", "15"]	0.12743683059013172
["4", "32"]	0.12766995045117593
["38", "39"]	0.1280898285982548
["16", "2"]	0.12834399520319828
["34", "14"]	0.12848554748421492
["16", "3"]	0.12856669899083223
["21", "13"]	0.12887194716804293
["45", "11"]	0.1291053014170262
["6", "40"]	0.1293738750855572
["36", "19"]	0.12943864991363932
["48", "0"]	0.12956246897269696
["42", "31"]	0.12962846237165512
["38", "9"]	0.12968557334230502
["26", "2"]	0.12974258558153692
["29", "46"]	0.12976566395446845
["18", "36"]	0.1305083882110366
["43", "20"]	0.13067802899575084
["36", "47"]	0.13073001416896315
["36", "35"]	0.13081965457665393
["5", "22"]	0.1309188296951466
["19", "41"]	0.13093722947376352
["25", "13"]	0.13094439459049498
["25", "6"]	0.13097432927736127
["16", "28"]	0.1309861770095232
["7", "13"]	0.13105439035320968
["43", "12"]	0.13106127384179725
["38", "14"]	0.1312197309598988
["10", "14"]	0.1312369023155171
["34", "13"]	0.13176410870021307
["12", "41"]	0.13187356412878806
["8", "15"]	0.13230833678944112
["42", "43"]	0.13285239692302675
["11", "11"]	0.1329041327872249
["0", "5"]	0.13301647327309615
["14", "35"]	0.13306200770868193
["42", "12"]	0.13318059682993072
["47", "0"]	0.13328625008647618
["20", "47"]	0.1333079369937065
["39", "11"]	0.13330946972709692
["47", "34"]	0.13393025799991726
["14", "17"]	0.13394759135188722
["26", "35"]	0.13401297911704277
["2", "44"]	0.1342078935541349
["42", "47"]	0.13423922233352018
["11", "14"]	0.13454649675986638
["47", "6"]	0.13465976195937046
["9", "49"]	0.1347717349765172
["25", "5"]	0.13485874848839793
["20", "2"]	0.13493536638732745
["45", "36"]	0.13494189746762567
["34", "46"]	0.13530669681741925
["32", "36"]	0.1354855278131824
["2", "29"]	0.13592049701477857
["26", "28"]	0.1359513645695128
["10", "11"]	0.1361310450503045
["39", "47"]	0.1363389213485424
["9", "47"]	0.1364576328327048
["6", "39"]	0.13652753845125404
["0", "31"]	0.13658363746889585
["35", "19"]	0.13673059117774405
["38", "29"]	0.13702433203153527
["35", "5"]	0.13725720785044693
["47", "2"]	0.1372966212793226
["21", "33"]	0.1378122003862006
["33", "11"]	0.13788988357153825
["20", "44"]	0.13826975088339605
["36", "39"]	0.13838405893143507
["39", "14"]	0.13848038448017233
["33", "36"]	0.13883138808891546
["33", "31"]	0.13886057899139537
["22", "47"]	0.1389568908453642
["26", "20"]	0.13901553990050786
["33", "25"]	0.1391045328694294
["22", "22"]	0.13968747329701067
["26", "33"]	0.1396889769243776
["26", "9"]	0.1396912083933131
["11", "12"]	0.13990771984570555
["24", "19"]	0.14021632678609106
["38", "38"]	0.14039464645276759
["2", "41"]	0.14048488364935152
["32", "16"]	0.1405806899426553
["27", "0"]	0.1406314209292566
["0", "23"]	0.14084131982041567
["13", "40"]	0.14094653428669396
["33", "0"]	0.14098411250092407
["21", "34"]	0.14098460415492137
["38", "43"]	0.14126481336611105
["5", "11"]	0.14143863860469685
["39", "43"]	0.14158811960552778
["0", "21"]	0.14159015082411722
["33", "12"]	0.14174684753988243
["47", "5"]	0.1418235811188045
["9", "34"]	0.14200276485414584
["19", "11"]	0.1420836831110963
["8", "41"]	0.1422522434913063
["5", "36"]	0.14268622926489397
["36", "23"]	0.14287568295912045
["33", "13"]	0.14336780315583836
["22", "14"]	0.14379077633577525
["2", "23"]	0.14398806113084706
["11", "29"]	0.14409823152224327
["34", "0"]	0.1441333672670795
["8", "14"]	0.14422051136866024
["14", "16"]	0.14425615711027542
["41", "28"]	0.1444644772616027
["14", "36"]	0.1445233814948607
["7", "31"]	0.1445981761644156
["10", "46"]	0.14471264974428458
["41", "44"]	0.1448144043399463
["39", "12"]	0.14505466698149794
["22", "29"]	0.14524585997725029
["34", "25"]	0.14558561510568344
["14", "9"]	0.14564334097070805
["24", "28"]	0.14591909856735436
["7", "34"]	0.1459684516363048
["2", "14"]	0.14601427183518398
["8", "43"]	0.14630952794212068
["10", "49"]	0.1464318677163162
["26", "44"]	0.14644202104155465
["41", "39"]	0.14669640418312618
["4", "10"]	0.14677172391024004
["25", "9"]	0.1470889760129594
["47", "23"]	0.14751032855847213
["36", "9"]	0.14755462413977177
["33", "33"]	0.14767481167640628
["18", "43"]	0.14792356278694144
["38", "28"]	0.14841803933982106
["32", "9"]	0.1484709942704173
["22", "49"]	0.14857947130055593
["33", "46"]	0.14864395766571736
["14", "5"]	0.14890807074495221
["8", "44"]	0.14896300307653418
["18", "29"]	0.14924490355109127
["32", "23"]	0.14945445802577428
["11", "25"]	0.1499471649651877
["29", "0"]	0.1504781639608669
["20", "5"]	0.15075768896162875
["36", "6"]	0.1508084396129984
["39", "31"]	0.15082335910064873
["2", "9"]	0.15112028952071838
["22", "36"]	0.15128527755454668
["36", "22"]	0.15141898497878023
["8", "19"]	0.15150204536693387
["41", "38"]	0.15150351926361866
["26", "23"]	0.1517720964099434
["7", "46"]	0.1518003630878878
["20", "39"]	0.15194037628147358
["11", "15"]	0.1525575762862811
["39", "33"]	0.1526590335851242
["7", "14"]	0.152659968874538
["16", "39"]	0.15294819700843196
["41", "2"]	0.15302368230907742
["9", "33"]	0.1532882372931757
["26", "39"]	0.15351575924157826
["19", "47"]	0.15376445059161578
["25", "0"]	0.1541929575562711
["11", "36"]	0.1543893546269771
["36", "24"]	0.15457767079517706
["19", "8"]	0.15472119187572914
["19", "6"]	0.1551826327591058
["29", "14"]	0.15526047256240005
["41", "40"]	0.15558666472810342
["25", "22"]	0.15574227908367788
["42", "33"]	0.15586575566573474
["49", "34"]	0.15611289709888973
["20", "31"]	0.1564139006156055
["43", "36"]	0.156597438953602
["20", "23"]	0.15663720134971781
["6", "23"]	0.15681529745711084
["19", "36"]	0.1569211373545252
["47", "12"]	0.15723708734113
["7", "5"]	0.15738286882616595
["19", "13"]	0.15744325138093604
["22", "28"]	0.15784510814811353
["14", "39"]	0.15797562196428291
["4", "22"]	0.15811993236833374
["9", "6"]	0.15838544090935605
["24", "2"]	0.158403886931718
["38", "5"]	0.1585158226673855
["45", "13"]	0.15852373649226414
["45", "31"]	0.1599117621162616
["19", "46"]	0.16052916853870314
["32", "35"]	0.1607230273613656
["19", "21"]	0.16078471811257067
["32", "22"]	0.16101519890835966
["24", "9"]	0.16126507960885322
["2", "2"]	0.16142724130281133
["43", "46"]	0.16144475578221823
["5", "46"]	0.1615882298145674
["2", "35"]	0.16175458610503193
["19", "14"]	0.16175751560703364
["43", "43"]	0.16180404338887083
["39", "36"]	0.16208675102436895
["25", "31"]	0.16227369984635326
["25", "35"]	0.16231766960194782
["12", "16"]	0.1625283913482255
["14", "41"]	0.16317950112751467
["48", "14"]	0.16325447258353148
["12", "21"]	0.1639711881827258
["0", "11"]	0.16448655010506433
["45", "33"]	0.16480758622058647
["43", "47"]	0.16537948724107587
["24", "22"]	0.16558292151735965
["18", "12"]	0.16573731338580344
["34", "39"]	0.1662207541673721
["24", "41"]	0.1664404902851043
["41", "22"]	0.16692148851995417
["49", "17"]	0.1673170608631527
["35", "23"]	0.16779620924914995
["39", "22"]	0.16848092170987616
["35", "9"]	0.16871635890080802
["11", "46"]	0.16888765951025703
["0", "39"]	0.16903507626044403
["47", "39"]	0.16931367096876043
["22", "11"]	0.16989149976495013
["39", "46"]	0.1699414186350351
["29", "13"]	0.1701991247641314
["36", "2"]	0.17040898519129447
["29", "12"]	0.1706107298773388
["2", "36"]	0.17107952763483184
["26", "48"]	0.17131872854042965
["34", "24"]	0.17138332936796644
["36", "15"]	0.17157405206781529
["18", "21"]	0.17190217777937236
["22", "9"]	0.17199234933713445
["25", "15"]	0.17212330969139178
["26", "38"]	0.17230909258304203
["38", "48"]	0.17247324456319585
["14", "22"]	0.1729596608334841
["21", "12"]	0.17305348398519124
["2", "22"]	0.1735489741732355
["29", "43"]	0.17361526655313964
["39", "29"]	0.17370992217981
["20", "19"]	0.17372916723444337
["20", "24"]	0.17446976296305178
["43", "33"]	0.1751303935627897
["36", "49"]	0.17539221896755952
["0", "19"]	0.17557823717502175
["42", "36"]	0.17603520170040662
["41", "35"]	0.17614524985391852
["32", "39"]	0.1768316488802117
["35", "39"]	0.17700378434476188
["5", "13"]	0.17715761092280854
["48", "12"]	0.177228948272306
["43", "22"]	0.17765656591251117
["10", "12"]	0.17780241618588696
["26", "22"]	0.1779062092679072
["43", "41"]	0.17799171175080497
["16", "43"]	0.1783198380324074
["0", "34"]	0.17876234104516966
["8", "0"]	0.1788401959499167
["42", "44"]	0.17919780910078553
["8", "2"]	0.1802169176616144
["38", "11"]	0.1803624033717305
["41", "9"]	0.18036512527052886
["33", "22"]	0.18073269568999517
["32", "2"]	0.18090074715418814
["5", "33"]	0.1810372310203847
["43", "29"]	0.181414856140834
["2", "43"]	0.18170844435035
["20", "28"]	0.18179974252133715
["22", "23"]	0.18182355460712007
["24", "44"]	0.18182673416943265
["7", "39"]	0.18269141865048255
["18", "0"]	0.1832325829771626
["6", "15"]	0.1833834049787142
["22", "25"]	0.18347436809530257
["24", "15"]	0.1835357976645345
["34", "34"]	0.1840268477523651
["11", "43"]	0.18410492570349626
["48", "19"]	0.18418078455402262
["5", "35"]	0.18438539323579503
["11", "22"]	0.18461374810440268
["21", "40"]	0.18487508861321789
["38", "46"]	0.1850483451341919
["18", "19"]	0.18523263772625848
["7", "0"]	0.18597016274309505
["39", "35"]	0.18599191248659694
["2", "47"]	0.18603228399741895
["7", "19"]	0.1862293859848054
["19", "12"]	0.18711957666848883
["5", "47"]	0.18746340217028792
["42", "20"]	0.18812482832732363
["22", "35"]	0.1886018972057501
["7", "12"]	0.18874602112707026
["18", "46"]	0.18886672918288402
["10", "19"]	0.19030556802111384
["22", "2"]	0.19062727893244164
["48", "5"]	0.19075055204068336
["32", "40"]	0.1908424568301012
["2", "28"]	0.1908898758915682
["12", "48"]	0.1910220476882764
["42", "15"]	0.19143265235979867
["29", "36"]	0.1917629181488958
["7", "29"]	0.19203209887086783
["0", "14"]	0.1920516775293771
["34", "5"]	0.19223284090410253
["34", "23"]	0.1926115033376935
["22", "20"]	0.19336787443839246
["16", "41"]	0.1949473060167548
["30", "35"]	0.19563513659060464
["14", "2"]	0.19577871590158433
["29", "29"]	0.19701075778883562
["25", "34"]	0.1970801764765925
["9", "31"]	0.19713682968047574
["29", "33"]	0.19739710682636172
["48", "36"]	0.19765370728389092
["32", "5"]	0.19894723092610397
["11", "35"]	0.19912113114528718
["47", "19"]	0.19919801643531548
["43", "21"]	0.19954331730730962
["9", "20"]	0.2003473005787761
["22", "15"]	0.20067331316889675
["37", "40"]	0.2010890913638092
["39", "25"]	0.20186186325074434
["34", "19"]	0.20355228328792047
["33", "5"]	0.203602943446675
["24", "40"]	0.203805480856069
["35", "20"]	0.20381889149783408
["24", "35"]	0.20430474968824394
["11", "9"]	0.20443086564546437
["21", "14"]	0.20445596617028222
["22", "38"]	0.20449295286089422
["0", "12"]	0.20465347012095003
["9", "36"]	0.20477686954968508
["41", "15"]	0.20496940340615102
["19", "23"]	0.20634043644932865
["23", "11"]	0.207270226760284
["11", "33"]	0.20743894967196522
["41", "49"]	0.20769440482186421
["2", "38"]	0.20777237544374805
["19", "5"]	0.20825940252814054
["21", "9"]	0.2094108482020919
["0", "9"]	0.20991138530273046
["19", "33"]	0.20994780019464618
["29", "5"]	0.21011359389126827
["21", "22"]	0.2103470856457106
["20", "15"]	0.2106133959136692
["8", "28"]	0.2108547578767727
["2", "31"]	0.21095531518193564
["0", "44"]	0.2126974286745803
["41", "33"]	0.21297043124804085
["43", "35"]	0.21353411013511786
["39", "20"]	0.21392634057367427
["6", "12"]	0.21781580737762948
["36", "34"]	0.21906532574514945
["26", "47"]	0.2194060359896635
["2", "39"]	0.21965970474764301
["43", "2"]	0.21976115730177115
["39", "13"]	0.2198336490375972
["10", "29"]	0.22007166481331566
["20", "40"]	0.22055655001600144
["11", "28"]	0.22188821237753045
["0", "22"]	0.22278968213632644
["42", "19"]	0.22365028103318302
["41", "36"]	0.225517288238782
["19", "39"]	0.22561083682831
["22", "39"]	0.22562774281833167
["22", "43"]	0.226412272445884
["2", "19"]	0.2275601392805307
["21", "11"]	0.22908072827600967
["40", "17"]	0.22917746491727775
["11", "34"]	0.22974336072179305
["35", "33"]	0.23030787887128598
["22", "31"]	0.23057255814654465
["45", "5"]	0.23075575537990875
["9", "5"]	0.23151224261841813
["18", "44"]	0.2318087095301339
["5", "5"]	0.23234609209185098
["0", "49"]	0.23240998289897286
["48", "13"]	0.23260054235888156
["20", "22"]	0.23321484369741496
["20", "9"]	0.23410268851104377
["42", "11"]	0.23493311519881482
["35", "12"]	0.2362511601819831
["26", "5"]	0.23717011489561807
["7", "6"]	0.23817536073823792
["9", "23"]	0.23959969845261564
["0", "6"]	0.23977609012677506
["8", "9"]	0.23991839511914226
["19", "2"]	0.2404512562415695
["34", "44"]	0.2408936342120289
["20", "38"]	0.24099303460240165
["43", "13"]	0.2411216444562885
["6", "9"]	0.2422189642487166
["16", "31"]	0.2423383995805882
["34", "12"]	0.2423695218025394
["45", "22"]	0.24280872037036452
["45", "6"]	0.2428738042937546
["34", "6"]	0.24489178029792252
["16", "37"]	0.24558143615483205
["10", "44"]	0.2460704033491655
["45", "2"]	0.24635224007655399
["25", "28"]	0.2470028710260488
["42", "22"]	0.2475472743612934
["24", "49"]	0.24834480811765877
["30", "13"]	0.24949870203240018
["13", "13"]	0.24976048002348164
["7", "44"]	0.25010057206332975
["18", "33"]	0.25017025757868366
["45", "29"]	0.2517844423588852
["6", "28"]	0.25182187912834864
["37", "36"]	0.25187425887287695
["10", "5"]	0.25272328178596937
["6", "22"]	0.2527603141841106
["7", "36"]	0.2527821229025882
["9", "24"]	0.253069235686331
["9", "39"]	0.25318342378673586
["27", "43"]	0.25362252123660417
["37", "13"]	0.2538572794564853
["9", "14"]	0.2562761328218202
["0", "2"]	0.25736218795447463
["18", "35"]	0.2575275168781136
["34", "33"]	0.2579901011994681
["48", "29"]	0.2583992484308166
["35", "14"]	0.25996403966779563
["22", "44"]	0.2609827137585634
["38", "41"]	0.2622245967877319
["6", "38"]	0.2625963150592922
["5", "28"]	0.2629376953991897
["25", "40"]	0.26339354796324166
["47", "9"]	0.26343789681676893
["38", "21"]	0.26440232117069445
["18", "15"]	0.2654846586914913
["7", "9"]	0.2661784371968979
["0", "36"]	0.26629171928663375
["48", "33"]	0.2664941406351737
["22", "46"]	0.26690100506157743
["16", "11"]	0.268616817065424
["42", "0"]	0.2687879528953757
["42", "35"]	0.2699154373747709
["32", "31"]	0.2701369010994314
["20", "35"]	0.2702270388070868
["49", "8"]	0.2706736073063791
["21", "38"]	0.27108492435879167
["5", "31"]	0.2711114042660712
["47", "36"]	0.2716451754496759
["36", "29"]	0.27172432161315
["30", "23"]	0.27231548865598904
["0", "20"]	0.2733643728394286
["41", "14"]	0.2734274893445924
["26", "11"]	0.276150645671438
["33", "23"]	0.2766019659124912
["30", "9"]	0.2770647564687027
["39", "34"]	0.277268353500926
["24", "29"]	0.2775378224966329
["45", "34"]	0.2776872009532711
["48", "39"]	0.2798323662983052
["29", "22"]	0.2798618169418706
["43", "28"]	0.2825879631939695
["29", "19"]	0.28311373054918304
["0", "15"]	0.2834617895572151
["5", "29"]	0.28414304502172016
["2", "5"]	0.28428349564205485
["3", "4"]	0.28500069391129995
["5", "2"]	0.28597261686805536
["39", "40"]	0.28650961898342725
["9", "19"]	0.2867895387992724
["10", "33"]	0.2877505147311594
["36", "12"]	0.28782794154892005
["29", "38"]	0.2887785884099669
["39", "28"]	0.29064261594211616
["35", "2"]	0.2908546312274758
["23", "47"]	0.2909717382342776
["26", "46"]	0.29220034737229894
["21", "5"]	0.29353301365155343
["47", "31"]	0.29375064810293283
["18", "20"]	0.2940895689455196
["33", "6"]	0.29454032888255455
["43", "38"]	0.2950498476422182
["45", "28"]	0.2964691131399024
["11", "23"]	0.29702656136068245
["25", "38"]	0.2977936263463564
["6", "35"]	0.300390709366548
["2", "11"]	0.30111664700161833
["23", "48"]	0.3029696361285411
["13", "41"]	0.30348430735232196
["33", "43"]	0.30367928262818666
["7", "33"]	0.30398777716333936
["25", "12"]	0.30664773367764536
["10", "34"]	0.30853846189394474
["30", "44"]	0.30921718662752307
["9", "0"]	0.31060390592085596
["47", "33"]	0.310867802975312
["33", "39"]	0.312805053892271
["35", "34"]	0.31368353815694333
["47", "44"]	0.31368965865309645
["32", "47"]	0.3137310695555118
["47", "20"]	0.31455329336693766
["48", "24"]	0.3149120992012955
["20", "29"]	0.31502883529669
["42", "9"]	0.3156682568518616
["14", "47"]	0.3160490501107396
["20", "12"]	0.31795591229976833
["45", "19"]	0.31926168130748034
["3", "46"]	0.3195600463035301
["5", "0"]	0.3195721763100113
["11", "2"]	0.32260435096943424
["34", "9"]	0.3228137326001892
["26", "21"]	0.32418192621097797
["47", "40"]	0.3244501597171795
["39", "23"]	0.32552506417281823
["21", "2"]	0.3272116710901951
["5", "38"]	0.3298944372119835
["10", "36"]	0.3299187300059356
["47", "35"]	0.3299798558950324
["34", "36"]	0.33095025011108203
["43", "23"]	0.33106791096401256
["33", "2"]	0.33108922491717413
["20", "36"]	0.33287670537172825
["0", "35"]	0.33330936100297726
["47", "28"]	0.33356801959453547
["8", "31"]	0.3337561164156371
["16", "46"]	0.3342480372455173
["47", "15"]	0.3352714183815653
["43", "0"]	0.33582498892585133
["2", "40"]	0.3368092047244771
["36", "14"]	0.33959782208315986
["26", "13"]	0.3399827557572549
["33", "29"]	0.3419327040884639
["16", "47"]	0.3433307132010064
["30", "6"]	0.34467644195285563
["14", "31"]	0.34499610495062466
["6", "29"]	0.3461370681047192
["10", "13"]	0.34715582264619965
["34", "40"]	0.347712598929725
["47", "22"]	0.34810726867703706
["20", "33"]	0.34863068809607173
["9", "40"]	0.3488242859548275
["17", "6"]	0.3488497580053269
["39", "5"]	0.34941058931712254
["0", "33"]	0.3495230726438455
["21", "28"]	0.349803110448238
["32", "43"]	0.35068683747036195
["24", "36"]	0.3520048927253301
["19", "44"]	0.35282029571669893
["25", "29"]	0.3550349034853764
["13", "34"]	0.35569100375309876
["14", "11"]	0.3575099210802429
["33", "19"]	0.3602641447012989
["7", "23"]	0.36122496439048124
["42", "23"]	0.36294653471624766
["39", "15"]	0.3646451213840693
["18", "22"]	0.36507141568231377
["25", "20"]	0.3653928727005254
["21", "36"]	0.36637732029364933
["32", "6"]	0.3667832090955218
["24", "14"]	0.36722509615199656
["43", "34"]	0.3691085172817845
["29", "15"]	0.36994073738740574
["24", "33"]	0.37106571556230705
["48", "44"]	0.3712223752714655
["38", "47"]	0.37349617779667654
["13", "6"]	0.37906683143485054
["19", "28"]	0.38135477612335755
["9", "38"]	0.3814001747529657
["9", "2"]	0.3828449403059907
["45", "35"]	0.38423526990589907
["36", "38"]	0.38491963583101385
["35", "36"]	0.3850028653376077
["23", "13"]	0.38929469545821654
["26", "19"]	0.38963479240114873
["45", "38"]	0.3921335227922672
["5", "23"]	0.3922464611974403
["13", "25"]	0.3940521320337876
["37", "38"]	0.39455167691238147
["39", "0"]	0.39478660450189196
["16", "25"]	0.39679716100856904
["8", "5"]	0.39743619458450996
["32", "11"]	0.39791041375534164
["3", "18"]	0.39902086427977596
["45", "39"]	0.39941885171383296
["43", "15"]	0.4014806878758805
["0", "40"]	0.40389033070995145
["8", "11"]	0.40447927591095373
["34", "29"]	0.4073566528022253
["32", "46"]	0.40842446381409564
["33", "35"]	0.4096546378517682
["10", "6"]	0.41092566512755685
["19", "40"]	0.411029838087953
["47", "14"]	0.41206193520132844
["19", "22"]	0.41245367551315343
["19", "19"]	0.414155346816018
["37", "2"]	0.41421643600110825
["14", "43"]	0.4157948608570749
["26", "31"]	0.4160748415847946
["16", "34"]	0.41677285350124427
["10", "15"]	0.4198805576764163
["9", "15"]	0.42206262234618974
["36", "40"]	0.42266226096084586
["10", "35"]	0.42345984696342576
["9", "44"]	0.4243720822824118
["41", "29"]	0.4248080127183356
["35", "29"]	0.42545595552374743
["33", "44"]	0.4257663192646344
["47", "38"]	0.426078649006836
["39", "2"]	0.4267292473457927
["21", "23"]	0.42701950638726177
["30", "43"]	0.4275068365512254
["7", "22"]	0.4282003327680025
["33", "28"]	0.4282133866527309
["48", "9"]	0.4315938227209275
["45", "40"]	0.43290798377182826
["11", "38"]	0.4341716583072438
["5", "6"]	0.4358095098211168
["10", "22"]	0.43624456078203805
["42", "2"]	0.43843522459697964
["11", "19"]	0.4384522383315703
["7", "15"]	0.4415581727668271
["39", "24"]	0.44241393033061666
["30", "34"]	0.44266131960070504
["22", "5"]	0.4434206468476208
["36", "28"]	0.4439236552821255
["30", "21"]	0.4439621880334791
["48", "22"]	0.44440268033302327
["36", "33"]	0.4471839169284907
["29", "35"]	0.4472163149434727
["25", "14"]	0.44770643367428997
["39", "9"]	0.4487043998505008
["43", "39"]	0.45151649217451195
["48", "6"]	0.4518119137616005
["7", "38"]	0.45191888753866627
["32", "0"]	0.452510480179997
["27", "46"]	0.45497538580417973
["29", "28"]	0.45622810826872867
["14", "46"]	0.4566218920917252
["35", "35"]	0.46574034235755013
["23", "25"]	0.46705372589351
["11", "6"]	0.46938167913379636
["18", "2"]	0.4704789741949341
["19", "20"]	0.4709433461177518
["42", "39"]	0.4711392917541459
["0", "38"]	0.4720968238606289
["35", "22"]	0.47224767455014666
["11", "39"]	0.4739166671487894
["9", "28"]	0.4761189448079647
["10", "9"]	0.47644202805368396
["48", "15"]	0.47662884713223536
["19", "9"]	0.47715367545873094
["25", "36"]	0.4784793474347069
["45", "44"]	0.47910664744836057
["21", "39"]	0.47964774064786303
["0", "28"]	0.48291417081530985
["29", "44"]	0.48347309277010986
["29", "6"]	0.48470075267286966
["10", "28"]	0.4866648712020756
["34", "15"]	0.48911761195604747
["18", "6"]	0.48926233719991163
["33", "38"]	0.48940624666251775
["5", "39"]	0.4906440371890772
["38", "13"]	0.49124438160863415
["34", "22"]	0.49364789605185044
["24", "12"]	0.49479403963899754
["25", "33"]	0.4949198419305357
["43", "40"]	0.5000977720460084
["0", "29"]	0.504482406939529
["39", "44"]	0.5059210632214303
["34", "38"]	0.5065178533467836
["2", "0"]	0.5067184568204918
["24", "38"]	0.5079137295005309
["41", "12"]	0.5084767003437529
["11", "44"]	0.5104158443707476
["19", "29"]	0.5137207408638467
["29", "39"]	0.5143296783687268
["7", "2"]	0.5181398533959433
["48", "38"]	0.5188746099377343
["2", "46"]	0.5232008967194166
["48", "35"]	0.5241977580707144
["34", "2"]	0.5262581836173921
["11", "0"]	0.526660967848023
["20", "14"]	0.5268836061814951
["48", "40"]	0.5303607725622468
["36", "36"]	0.5307436799417565
["9", "29"]	0.5307577505674562
["3", "42"]	0.5309269440493829
["45", "23"]	0.5328795112737292
["9", "9"]	0.5331842071371632
["18", "9"]	0.5335331361602262
["22", "19"]	0.5353548256327438
["43", "5"]	0.5373992892962666
["43", "9"]	0.5401014676456494
["11", "5"]	0.5440562893478709
["35", "28"]	0.5510934031347438
["9", "22"]	0.5539167515863631
["17", "34"]	0.555787747354094
["5", "15"]	0.5564272278080811
["21", "35"]	0.5568542373452104
["26", "0"]	0.5637016980830392
["7", "40"]	0.5670641118360819
["43", "19"]	0.5693869300612068
["8", "47"]	0.5695224856550433
["8", "46"]	0.5780407701992646
["2", "34"]	0.5789297774321782
["39", "39"]	0.5834037484857318
["39", "19"]	0.5838581003913539
["19", "15"]	0.5882437614728004
["22", "13"]	0.5970391238029018
["29", "2"]	0.600806973879969
["5", "19"]	0.6009714116284044
["6", "14"]	0.6043528653303359
["18", "5"]	0.6075767030478356
["6", "36"]	0.6078986589784839
["29", "9"]	0.6091836034032813
["10", "2"]	0.6197621780424128
["22", "0"]	0.6246732717279513
["37", "28"]	0.6267976613217072
["14", "0"]	0.6286398404690291
["8", "23"]	0.6299867896910831
["48", "28"]	0.6315537471385009
["42", "46"]	0.6320218041869484
["9", "35"]	0.6339267396466847
["47", "29"]	0.6488681225034613
["6", "33"]	0.6519812608686217
["33", "9"]	0.6582096708098594
["34", "28"]	0.6624705295554548
["42", "5"]	0.6711835416229802
["34", "35"]	0.6717157627226416
["19", "35"]	0.6796254025459386
["5", "9"]	0.6898358746617324
["7", "35"]	0.6919395659725335
["23", "6"]	0.6948416004456027
["43", "44"]	0.7070945605457202
["48", "23"]	0.7072254251516354
["33", "15"]	0.7127495986451169
["48", "2"]	0.7237964546202187
["18", "39"]	0.7271837290013863
["10", "39"]	0.7282025260825211
["7", "28"]	0.7648512820221082
["5", "44"]	0.7750633963560565
["45", "15"]	0.7932106930980346
["10", "40"]	0.7953980477881977
["45", "9"]	0.8163844085405026
["29", "23"]	0.8390404071003348
["18", "23"]	0.8478428464539257
["10", "23"]	0.8835285928012894
["19", "38"]	0.9850716898394877
["31", "3"]	1.0
